{
  "results": {
    "v4": {
      "mine_iron": {
        "reward_mean": 0.017999999999988855,
        "reward_std": 23.849138600796422,
        "reward_min": -10.829999999999975,
        "reward_max": 98.19999999999995,
        "reward_median": -6.104999999999999,
        "steps_mean": 177.62,
        "steps_std": 62.54850597736128,
        "steps_min": 22,
        "steps_max": 337,
        "steps_median": 180.0,
        "completion_rate": 1.0,
        "episodes": 50,
        "episodes_rewards": [
          -2.4300000000000006,
          -5.459999999999994,
          -5.279999999999996,
          91.74999999999973,
          -5.999999999999998,
          -7.3500000000000085,
          -6.3900000000000015,
          -6.450000000000001,
          -6.119999999999999,
          -6.480000000000002,
          -1.35,
          -7.680000000000011,
          -5.579999999999996,
          -5.549999999999997,
          -6.089999999999999,
          -8.85000000000001,
          -5.519999999999999,
          -6.119999999999999,
          -8.670000000000014,
          -6.2700000000000005,
          -3.899999999999995,
          -6.18,
          -6.2700000000000005,
          -5.489999999999994,
          -6.420000000000002,
          -1.6500000000000004,
          -7.050000000000007,
          -5.969999999999998,
          -5.819999999999997,
          -7.320000000000008,
          -4.169999999999995,
          -6.1499999999999995,
          -6.1499999999999995,
          -7.440000000000009,
          -6.119999999999999,
          -6.840000000000005,
          -10.829999999999975,
          -5.849999999999997,
          -8.850000000000009,
          -6.870000000000005,
          -6.930000000000006,
          -5.309999999999998,
          -7.7100000000000115,
          -3.8399999999999967,
          -5.999999999999997,
          92.40999999999976,
          98.19999999999995,
          -5.879999999999997,
          -5.489999999999997,
          -1.32
        ],
        "episodes_success": [
          1,
          1,
          1,
          1,
          1,
          1,
          1,
          1,
          1,
          1,
          1,
          1,
          1,
          1,
          1,
          1,
          1,
          1,
          1,
          1,
          1,
          1,
          1,
          1,
          1,
          1,
          1,
          1,
          1,
          1,
          1,
          1,
          1,
          1,
          1,
          1,
          1,
          1,
          1,
          1,
          1,
          1,
          1,
          1,
          1,
          1,
          1,
          1,
          1,
          1
        ],
        "cumulative_completion": [
          1.0,
          1.0,
          1.0,
          1.0,
          1.0,
          1.0,
          1.0,
          1.0,
          1.0,
          1.0,
          1.0,
          1.0,
          1.0,
          1.0,
          1.0,
          1.0,
          1.0,
          1.0,
          1.0,
          1.0,
          1.0,
          1.0,
          1.0,
          1.0,
          1.0,
          1.0,
          1.0,
          1.0,
          1.0,
          1.0,
          1.0,
          1.0,
          1.0,
          1.0,
          1.0,
          1.0,
          1.0,
          1.0,
          1.0,
          1.0,
          1.0,
          1.0,
          1.0,
          1.0,
          1.0,
          1.0,
          1.0,
          1.0,
          1.0,
          1.0
        ],
        "reward_auc": 2.7749999999993973,
        "first_success_episode": 1,
        "direction_accuracy_mean": 0.15723127353305386,
        "direction_accuracy_std": 0.33406151668877887
      }
    },
    "v5": {
      "mine_iron": {
        "reward_mean": -5.584199999999999,
        "reward_std": 1.5137253251498464,
        "reward_min": -8.940000000000014,
        "reward_max": -2.130000000000001,
        "reward_median": -5.879999999999997,
        "steps_mean": 156.14,
        "steps_std": 50.457510838328126,
        "steps_min": 41,
        "steps_max": 268,
        "steps_median": 166.0,
        "completion_rate": 1.0,
        "episodes": 50,
        "episodes_rewards": [
          -6.480000000000001,
          -6.059999999999999,
          -5.699999999999996,
          -6.059999999999999,
          -6.510000000000002,
          -7.8300000000000125,
          -3.1799999999999975,
          -6.24,
          -5.369999999999996,
          -2.7599999999999976,
          -5.729999999999995,
          -6.540000000000002,
          -8.340000000000016,
          -2.31,
          -6.630000000000003,
          -5.939999999999997,
          -5.969999999999998,
          -2.1600000000000006,
          -5.7899999999999965,
          -7.170000000000008,
          -6.24,
          -5.4299999999999935,
          -6.209999999999999,
          -4.979999999999993,
          -5.639999999999995,
          -2.130000000000001,
          -6.21,
          -5.8199999999999985,
          -5.729999999999996,
          -5.729999999999996,
          -5.789999999999997,
          -5.9099999999999975,
          -6.720000000000004,
          -5.849999999999997,
          -6.570000000000003,
          -6.029999999999999,
          -5.849999999999997,
          -7.140000000000008,
          -6.2700000000000005,
          -6.000000000000001,
          -5.009999999999992,
          -5.159999999999995,
          -2.28,
          -2.7899999999999996,
          -6.0299999999999985,
          -4.139999999999994,
          -4.469999999999996,
          -8.940000000000014,
          -7.230000000000008,
          -4.139999999999993
        ],
        "episodes_success": [
          1,
          1,
          1,
          1,
          1,
          1,
          1,
          1,
          1,
          1,
          1,
          1,
          1,
          1,
          1,
          1,
          1,
          1,
          1,
          1,
          1,
          1,
          1,
          1,
          1,
          1,
          1,
          1,
          1,
          1,
          1,
          1,
          1,
          1,
          1,
          1,
          1,
          1,
          1,
          1,
          1,
          1,
          1,
          1,
          1,
          1,
          1,
          1,
          1,
          1
        ],
        "cumulative_completion": [
          1.0,
          1.0,
          1.0,
          1.0,
          1.0,
          1.0,
          1.0,
          1.0,
          1.0,
          1.0,
          1.0,
          1.0,
          1.0,
          1.0,
          1.0,
          1.0,
          1.0,
          1.0,
          1.0,
          1.0,
          1.0,
          1.0,
          1.0,
          1.0,
          1.0,
          1.0,
          1.0,
          1.0,
          1.0,
          1.0,
          1.0,
          1.0,
          1.0,
          1.0,
          1.0,
          1.0,
          1.0,
          1.0,
          1.0,
          1.0,
          1.0,
          1.0,
          1.0,
          1.0,
          1.0,
          1.0,
          1.0,
          1.0,
          1.0,
          1.0
        ],
        "reward_auc": -273.9,
        "first_success_episode": 1,
        "direction_accuracy_mean": 0.14,
        "direction_accuracy_std": 0.3469870314579494
      }
    },
    "base": {
      "mine_iron": {
        "reward_mean": -5.9886,
        "reward_std": 1.1775890794330635,
        "reward_min": -9.150000000000011,
        "reward_max": -2.55,
        "reward_median": -5.894999999999998,
        "steps_mean": 169.64,
        "steps_std": 39.24373070950314,
        "steps_min": 55,
        "steps_max": 275,
        "steps_median": 166.5,
        "completion_rate": 1.0,
        "episodes": 50,