{
  "results": {
    "v4": {
      "mine_stone": {
        "reward_mean": -6.415200000000003,
        "reward_std": 1.1676801616881274,
        "reward_min": -8.670000000000014,
        "reward_max": -1.5300000000000002,
        "reward_median": -6.495000000000003,
        "steps_mean": 191.9,
        "steps_std": 38.16398826118675,
        "steps_min": 35,
        "steps_max": 265,
        "steps_median": 193.0,
        "completion_rate": 1.0,
        "episodes": 50,
        "episodes_rewards": [
          -5.759999999999996,
          -8.670000000000014,
          -6.6300000000000034,
          -7.9500000000000135,
          -5.549999999999996,
          -5.099999999999993,
          -6.420000000000002,
          -8.220000000000015,
          -6.870000000000005,
          -6.2700000000000005,
          -6.960000000000006,
          -6.570000000000003,
          -7.920000000000013,
          -5.759999999999996,
          -5.819999999999997,
          -7.380000000000009,
          -5.6699999999999955,
          -7.380000000000009,
          -5.219999999999997,
          -5.399999999999996,
          -5.609999999999996,
          -5.849999999999997,
          -6.870000000000005,
          -5.339999999999998,
          -7.41000000000001,
          -6.870000000000005,
          -6.089999999999999,
          -6.21,
          -8.010000000000014,
          -4.5899999999999945,
          -6.089999999999999,
          -4.709999999999995,
          -5.91,
          -6.0299999999999985,
          -7.020000000000006,
          -6.1499999999999995,
          -7.890000000000013,
          -7.020000000000006,
          -6.990000000000006,
          -7.740000000000012,
          -1.5300000000000002,
          -5.819999999999997,
          -6.990000000000006,
          -6.3900000000000015,
          -6.720000000000004,
          -6.780000000000005,
          -5.339999999999995,
          -6.6300000000000034,
          -6.870000000000005,
          -7.770000000000012
        ],
        "episodes_success": [
          1,
          1,
          1,
          1,
          1,
          1,
          1,
          1,
          1,
          1,
          1,
          1,
          1,
          1,
          1,
          1,
          1,
          1,
          1,
          1,
          1,
          1,
          1,
          1,
          1,
          1,
          1,
          1,
          1,
          1,
          1,
          1,
          1,
          1,
          1,
          1,
          1,
          1,
          1,
          1,
          1,
          1,
          1,
          1,
          1,
          1,
          1,
          1,
          1,
          1
        ],
        "cumulative_completion": [
          1.0,
          1.0,
          1.0,
          1.0,
          1.0,
          1.0,
          1.0,
          1.0,
          1.0,
          1.0,
          1.0,
          1.0,
          1.0,
          1.0,
          1.0,
          1.0,
          1.0,
          1.0,
          1.0,
          1.0,
          1.0,
          1.0,
          1.0,
          1.0,
          1.0,
          1.0,
          1.0,
          1.0,
          1.0,
          1.0,
          1.0,
          1.0,
          1.0,
          1.0,
          1.0,
          1.0,
          1.0,
          1.0,
          1.0,
          1.0,
          1.0,
          1.0,
          1.0,
          1.0,
          1.0,
          1.0,
          1.0,
          1.0,
          1.0,
          1.0
        ],
        "reward_auc": -313.9950000000001,
        "first_success_episode": 1,
        "direction_accuracy_mean": 0.2672343287537656,
        "direction_accuracy_std": 0.40694192821013886
      }
    },
    "v5": {
      "mine_stone": {
        "reward_mean": -6.408000000000002,
        "reward_std": 0.9689210494152822,
        "reward_min": -9.090000000000012,
        "reward_max": -4.919999999999995,
        "reward_median": -6.164999999999999,
        "steps_mean": 183.6,
        "steps_std": 32.29736831384254,
        "steps_min": 134,
        "steps_max": 273,
        "steps_median": 175.5,
        "completion_rate": 1.0,
        "episodes": 50,
        "episodes_rewards": [
          -5.879999999999997,
          -7.020000000000007,
          -5.759999999999996,
          -5.339999999999993,
          -6.900000000000006,
          -5.219999999999994,
          -6.089999999999999,
          -5.399999999999996,
          -5.849999999999997,
          -5.7899999999999965,
          -5.879999999999997,
          -6.029999999999998,
          -7.200000000000008,
          -8.580000000000014,
          -5.429999999999996,
          -8.130000000000015,
          -6.6300000000000034,
          -6.24,
          -6.21,
          -8.580000000000014,
          -7.47000000000001,
          -7.020000000000007,
          -9.090000000000012,
          -5.879999999999997,
          -5.489999999999997,
          -6.18,
          -7.170000000000008,
          -6.239999999999999,
          -5.729999999999996,
          -6.870000000000005,
          -5.999999999999998,
          -6.780000000000005,
          -7.170000000000008,
          -5.489999999999997,
          -4.919999999999995,
          -5.459999999999996,
          -6.029999999999998,
          -8.010000000000014,
          -7.020000000000007,
          -5.459999999999995,
          -6.300000000000001,
          -5.6699999999999955,
          -6.1499999999999995,
          -6.720000000000004,
          -5.999999999999998,
          -6.330000000000001,
          -5.1599999999999975,
          -8.130000000000015,
          -5.369999999999996,
          -6.930000000000006
        ],
        "episodes_success": [
          1,
          1,
          1,
          1,
          1,
          1,
          1,
          1,
          1,
          1,
          1,
          1,
          1,
          1,
          1,
          1,
          1,
          1,
          1,
          1,
          1,
          1,
          1,
          1,
          1,
          1,
          1,
          1,
          1,
          1,
          1,
          1,
          1,
          1,
          1,
          1,
          1,
          1,
          1,
          1,
          1,
          1,
          1,
          1,
          1,
          1,
          1,
          1,
          1,
          1
        ],
        "cumulative_completion": [
          1.0,
          1.0,
          1.0,
          1.0,
          1.0,
          1.0,
          1.0,
          1.0,
          1.0,
          1.0,
          1.0,
          1.0,
          1.0,
          1.0,
          1.0,
          1.0,
          1.0,
          1.0,
          1.0,
          1.0,
          1.0,
          1.0,
          1.0,
          1.0,
          1.0,
          1.0,
          1.0,
          1.0,
          1.0,
          1.0,
          1.0,
          1.0,
          1.0,
          1.0,
          1.0,
          1.0,
          1.0,
          1.0,
          1.0,
          1.0,
          1.0,
          1.0,
          1.0,
          1.0,
          1.0,
          1.0,
          1.0,
          1.0,
          1.0,
          1.0
        ],
        "reward_auc": -313.99500000000006,
        "first_success_episode": 1,
        "direction_accuracy_mean": 0.34,
        "direction_accuracy_std": 0.4737087712930804
      }
    },
    "base": {
      "mine_stone": {
        "reward_mean": -5.636399999999998,
        "reward_std": 1.4301618929338067,
        "reward_min": -8.610000000000014,
        "reward_max": -1.8000000000000003,
        "reward_median": -5.849999999999997,
        "steps_mean": 157.88,
        "steps_std": 47.67206309779345,
        "steps_min": 30,
        "steps_max": 257,
        "steps_median": 165.0,
        "completion_rate": 1.0,
        "episodes": 50,