{
  "results": {
    "v4": {
      "mine_coal": {
        "reward_mean": 8.379799999999971,
        "reward_std": 34.72934312595036,
        "reward_min": -8.430000000000014,
        "reward_max": 97.02999999999989,
        "reward_median": -5.534999999999997,
        "steps_mean": 166.64,
        "steps_std": 48.08482504907344,
        "steps_min": 23,
        "steps_max": 258,
        "steps_median": 170.5,
        "completion_rate": 1.0,
        "episodes": 50,
        "episodes_rewards": [
          -1.3200000000000003,
          -6.18,
          -6.750000000000004,
          -5.819999999999996,
          -5.489999999999997,
          93.78999999999978,
          -5.459999999999996,
          -5.339999999999996,
          -1.4100000000000004,
          -6.720000000000004,
          -6.420000000000002,
          -6.239999999999999,
          -5.549999999999996,
          -7.050000000000007,
          -6.21,
          -7.350000000000009,
          -5.489999999999997,
          -1.8300000000000005,
          -6.690000000000004,
          -6.059999999999998,
          -5.309999999999997,
          94.14999999999979,
          -7.980000000000014,
          -6.21,
          -5.9099999999999975,
          -5.519999999999997,
          -5.279999999999995,
          -3.0299999999999994,
          -5.459999999999996,
          -5.369999999999993,
          -5.459999999999994,
          -6.149999999999999,
          -2.2200000000000006,
          -5.7899999999999965,
          97.02999999999989,
          -6.1499999999999995,
          94.62999999999981,
          -5.309999999999995,
          -5.369999999999996,
          -6.3,
          -8.430000000000014,
          93.81999999999978,
          92.82999999999976,
          -5.639999999999995,
          -6.570000000000001,
          -5.64,
          -5.429999999999996,
          94.3899999999998,
          -6.24,
          -7.500000000000011
        ],
        "episodes_success": [
          1,
          1,
          1,
          1,
          1,
          1,
          1,
          1,
          1,
          1,
          1,
          1,
          1,
          1,
          1,
          1,
          1,
          1,
          1,
          1,
          1,
          1,
          1,
          1,
          1,
          1,
          1,
          1,
          1,
          1,
          1,
          1,
          1,
          1,
          1,
          1,
          1,
          1,
          1,
          1,
          1,
          1,
          1,
          1,
          1,
          1,
          1,
          1,
          1,
          1
        ],
        "cumulative_completion": [
          1.0,
          1.0,
          1.0,
          1.0,
          1.0,
          1.0,
          1.0,
          1.0,
          1.0,
          1.0,
          1.0,
          1.0,
          1.0,
          1.0,
          1.0,
          1.0,
          1.0,
          1.0,
          1.0,
          1.0,
          1.0,
          1.0,
          1.0,
          1.0,
          1.0,
          1.0,
          1.0,
          1.0,
          1.0,
          1.0,
          1.0,
          1.0,
          1.0,
          1.0,
          1.0,
          1.0,
          1.0,
          1.0,
          1.0,
          1.0,
          1.0,
          1.0,
          1.0,
          1.0,
          1.0,
          1.0,
          1.0,
          1.0,
          1.0,
          1.0
        ],
        "reward_auc": 423.3999999999986,
        "first_success_episode": 1,
        "direction_accuracy_mean": 0.045215920577886204,
        "direction_accuracy_std": 0.19547245701030364
      }
    },
    "v5": {
      "mine_coal": {
        "reward_mean": -6.0336000000000025,
        "reward_std": 1.5324056382041973,
        "reward_min": -9.480000000000004,
        "reward_max": -2.130000000000001,
        "reward_median": -6.0299999999999985,
        "steps_mean": 171.12,
        "steps_std": 51.080187940139766,
        "steps_min": 41,
        "steps_max": 286,
        "steps_median": 171.0,
        "completion_rate": 1.0,
        "episodes": 50,
        "episodes_rewards": [
          -6.2700000000000005,
          -5.519999999999997,
          -7.170000000000009,
          -6.930000000000006,
          -6.900000000000006,
          -7.350000000000009,
          -6.390000000000003,
          -6.330000000000001,
          -6.540000000000003,
          -7.740000000000012,
          -2.130000000000001,
          -6.119999999999999,
          -5.429999999999996,
          -6.330000000000001,
          -5.699999999999996,
          -5.189999999999995,
          -6.660000000000004,
          -7.680000000000011,
          -2.4000000000000004,
          -5.819999999999997,
          -4.799999999999994,
          -5.489999999999997,
          -5.399999999999996,
          -7.890000000000013,
          -5.729999999999998,
          -2.3099999999999996,
          -5.879999999999997,
          -5.939999999999998,
          -8.040000000000015,
          -5.699999999999996,
          -5.7899999999999965,
          -7.170000000000008,
          -5.729999999999998,
          -3.5999999999999983,
          -5.069999999999995,
          -6.21,
          -5.129999999999994,
          -5.999999999999998,
          -5.7899999999999965,
          -8.610000000000014,
          -6.059999999999999,
          -4.019999999999996,
          -2.969999999999999,
          -6.6300000000000034,
          -7.44000000000001,
          -7.650000000000012,
          -6.119999999999999,
          -9.480000000000004,
          -5.879999999999997,
          -8.550000000000015
        ],
        "episodes_success": [
          1,
          1,
          1,
          1,
          1,
          1,
          1,
          1,
          1,
          1,
          1,
          1,
          1,
          1,
          1,
          1,
          1,
          1,
          1,
          1,
          1,
          1,
          1,
          1,
          1,
          1,
          1,
          1,
          1,
          1,
          1,
          1,
          1,
          1,
          1,
          1,
          1,
          1,
          1,
          1,
          1,
          1,
          1,
          1,
          1,
          1,
          1,
          1,
          1,
          1
        ],
        "cumulative_completion": [
          1.0,
          1.0,
          1.0,
          1.0,
          1.0,
          1.0,
          1.0,
          1.0,
          1.0,
          1.0,
          1.0,
          1.0,
          1.0,
          1.0,
          1.0,
          1.0,
          1.0,
          1.0,
          1.0,
          1.0,
          1.0,
          1.0,
          1.0,
          1.0,
          1.0,
          1.0,
          1.0,
          1.0,
          1.0,
          1.0,
          1.0,
          1.0,
          1.0,
          1.0,
          1.0,
          1.0,
          1.0,
          1.0,
          1.0,
          1.0,
          1.0,
          1.0,
          1.0,
          1.0,
          1.0,
          1.0,
          1.0,
          1.0,
          1.0,
          1.0
        ],
        "reward_auc": -294.2700000000001,
        "first_success_episode": 1,
        "direction_accuracy_mean": 0.06,
        "direction_accuracy_std": 0.23748684174075835
      }
    },
    "base": {
      "mine_coal": {
        "reward_mean": -5.798400000000002,
        "reward_std": 1.4133539684028236,
        "reward_min": -9.090000000000012,
        "reward_max": -2.0400000000000005,
        "reward_median": -5.834999999999997,
        "steps_mean": 163.28,
        "steps_std": 47.11179894676067,
        "steps_min": 38,
        "steps_max": 273,
        "steps_median": 164.5,
        "completion_rate": 1.0,
        "episodes": 50,