{
  "results": {
    "v4": {
      "wood_pickaxe": {
        "reward_mean": -5.594399999999999,
        "reward_std": 1.9922822691576627,
        "reward_min": -10.739999999999977,
        "reward_max": -1.2600000000000002,
        "reward_median": -5.864999999999997,
        "steps_mean": 164.16,
        "steps_std": 65.84052247666327,
        "steps_min": 22,
        "steps_max": 337,
        "steps_median": 171.0,
        "completion_rate": 1.0,
        "episodes": 50,
        "episodes_rewards": [
          -6.750000000000004,
          -6.27,
          -5.219999999999996,
          -7.41000000000001,
          -4.679999999999992,
          -5.519999999999996,
          -1.9500000000000006,
          -5.309999999999992,
          -6.360000000000001,
          -4.019999999999994,
          -5.3399999999999945,
          -6.0299999999999985,
          -1.8000000000000003,
          -8.010000000000014,
          -8.040000000000015,
          -8.610000000000015,
          -6.570000000000003,
          -6.300000000000001,
          -5.519999999999997,
          -5.549999999999996,
          -3.9299999999999957,
          -2.34,
          -4.8299999999999965,
          -5.159999999999997,
          -7.080000000000007,
          -1.7400000000000004,
          -6.1499999999999995,
          -2.190000000000001,
          -5.849999999999997,
          -5.579999999999996,
          -10.739999999999977,
          -1.2600000000000002,
          -6.24,
          -6.5100000000000025,
          -6.570000000000003,
          -5.339999999999995,
          -2.37,
          -6.720000000000004,
          -6.21,
          -5.6699999999999955,
          -6.21,
          -9.090000000000007,
          -6.810000000000005,
          -8.040000000000013,
          -1.8600000000000005,
          -5.79,
          -6.810000000000005,
          -5.879999999999997,
          -5.219999999999996,
          -6.2700000000000005
        ],
        "episodes_success": [
          1,
          1,
          1,
          1,
          1,
          1,
          1,
          1,
          1,
          1,
          1,
          1,
          1,
          1,
          1,
          1,
          1,
          1,
          1,
          1,
          1,
          1,
          1,
          1,
          1,
          1,
          1,
          1,
          1,
          1,
          1,
          1,
          1,
          1,
          1,
          1,
          1,
          1,
          1,
          1,
          1,
          1,
          1,
          1,
          1,
          1,
          1,
          1,
          1,
          1
        ],
        "cumulative_completion": [
          1.0,
          1.0,
          1.0,
          1.0,
          1.0,
          1.0,
          1.0,
          1.0,
          1.0,
          1.0,
          1.0,
          1.0,
          1.0,
          1.0,
          1.0,
          1.0,
          1.0,
          1.0,
          1.0,
          1.0,
          1.0,
          1.0,
          1.0,
          1.0,
          1.0,
          1.0,
          1.0,
          1.0,
          1.0,
          1.0,
          1.0,
          1.0,
          1.0,
          1.0,
          1.0,
          1.0,
          1.0,
          1.0,
          1.0,
          1.0,
          1.0,
          1.0,
          1.0,
          1.0,
          1.0,
          1.0,
          1.0,
          1.0,
          1.0,
          1.0
        ],
        "reward_auc": -273.21000000000004,
        "first_success_episode": 1,
        "direction_accuracy_mean": 0.2294518806274192,
        "direction_accuracy_std": 0.40927653495970895
      }
    },
    "v5": {
      "wood_pickaxe": {
        "reward_mean": -5.743199999999997,
        "reward_std": 1.595200852557443,
        "reward_min": -11.009999999999975,
        "reward_max": -1.7100000000000002,
        "reward_median": -5.7899999999999965,
        "steps_mean": 161.44,
        "steps_std": 53.17336175191483,
        "steps_min": 27,
        "steps_max": 337,
        "steps_median": 163.0,
        "completion_rate": 1.0,
        "episodes": 50,
        "episodes_rewards": [
          -6.690000000000004,
          -5.699999999999996,
          -6.660000000000004,
          -6.089999999999999,
          -2.49,
          -6.33,
          -6.300000000000001,
          -11.009999999999975,
          -11.009999999999975,
          -5.519999999999997,
          -5.009999999999993,
          -3.389999999999997,
          -5.699999999999995,
          -5.699999999999996,
          -2.88,
          -5.639999999999996,
          -5.519999999999996,
          -5.729999999999997,
          -5.819999999999997,
          -6.119999999999999,
          -5.999999999999998,
          -5.819999999999997,
          -5.519999999999993,
          -5.099999999999995,
          -5.819999999999997,
          -6.059999999999999,
          -6.18,
          -5.189999999999994,
          -7.170000000000008,
          -4.499999999999995,
          -5.969999999999998,
          -4.979999999999997,
          -5.969999999999998,
          -5.699999999999996,
          -6.119999999999999,
          -7.260000000000009,
          -5.939999999999998,
          -1.9800000000000004,
          -5.4299999999999935,
          -6.18,
          -5.399999999999996,
          -5.609999999999995,
          -1.7100000000000002,
          -6.360000000000001,
          -5.429999999999996,
          -5.969999999999998,
          -4.979999999999994,
          -7.800000000000012,
          -5.759999999999996,
          -5.940000000000003
        ],
        "episodes_success": [
          1,
          1,
          1,
          1,
          1,
          1,
          1,
          1,
          1,
          1,
          1,
          1,
          1,
          1,
          1,
          1,
          1,
          1,
          1,
          1,
          1,
          1,
          1,
          1,
          1,
          1,
          1,
          1,
          1,
          1,
          1,
          1,
          1,
          1,
          1,
          1,
          1,
          1,
          1,
          1,
          1,
          1,
          1,
          1,
          1,
          1,
          1,
          1,
          1,
          1
        ],
        "cumulative_completion": [
          1.0,
          1.0,
          1.0,
          1.0,
          1.0,
          1.0,
          1.0,
          1.0,
          1.0,
          1.0,
          1.0,
          1.0,
          1.0,
          1.0,
          1.0,
          1.0,
          1.0,
          1.0,
          1.0,
          1.0,
          1.0,
          1.0,
          1.0,
          1.0,
          1.0,
          1.0,
          1.0,
          1.0,
          1.0,
          1.0,
          1.0,
          1.0,
          1.0,
          1.0,
          1.0,
          1.0,
          1.0,
          1.0,
          1.0,
          1.0,
          1.0,
          1.0,
          1.0,
          1.0,
          1.0,
          1.0,
          1.0,
          1.0,
          1.0,
          1.0
        ],
        "reward_auc": -280.8449999999999,
        "first_success_episode": 1,
        "direction_accuracy_mean": 0.3,
        "direction_accuracy_std": 0.45825756949558394
      }
    },
    "base": {
      "wood_pickaxe": {
        "reward_mean": -6.001000000000001,
        "reward_std": 1.4132490934014448,
        "reward_min": -10.729999999999984,
        "reward_max": -1.9500000000000004,
        "reward_median": -5.969999999999998,
        "steps_mean": 176.74,
        "steps_std": 51.28696130596937,
        "steps_min": 35,
        "steps_max": 361,
        "steps_median": 174.0,
        "completion_rate": 1.0,
        "episodes": 50,